table,wiki_id,confidence,array_has_dup,question,fragments,suggested_merge,full_similar
knowledge_base_v1,ICWIKI202307243835,HIGH,Y,错误 26-沿墙传感器异常，请擦拭沿墙传感器,沿墙传感器异常 | 请擦拭沿墙传感器,沿墙传感器异常，请擦拭沿墙传感器,"[""扫地机器人出现错误26怎么办？"", ""错误 26"", ""错误二十六"", ""沿墙传感器异常"", ""请擦拭沿墙传感器"", ""沿墙传感器异常"", ""请擦拭沿墙传感器""]"
knowledge_base_v1,ICWIKI202307243844,HIGH,Y,错误11-检测到强磁场，请远离虚拟墙重新启动,检测到强磁场 | 请远离虚拟墙重新启动,检测到强磁场，请远离虚拟墙重新启动,"[""错误 11"", ""错误十一"", ""检测到强磁场"", ""检测到强磁场"", ""请远离虚拟墙重新启动""]"
knowledge_base_v1,ICWIKI202307243850,HIGH,,错误3-主机悬空，请将主机移到新位置启动,主机悬空 | 请将主机移到新位置启动,主机悬空，请将主机移到新位置启动,"[""错误3"", ""错误三"", ""主机悬空"", ""请将主机移到新位置启动"", ""主机移到新位置启动"", ""机器人一直提示主机悬空怎么办"", ""主机悬空应该怎么处理"", ""报主机悬空""]"
knowledge_base_v1,ICWIKI202307243852,HIGH,,错误9- 尘盒未装回，请装回尘盒及滤网,尘盒未装回 | 请装回尘盒及滤网,尘盒未装回，请装回尘盒及滤网,"[""扫地机器人错误9---请装回尘盒及滤网"", ""提示尘盒未安装"", ""提示尘盒取出"", ""错误9"", ""错误九"", ""尘盒未装回"", ""请装回尘盒及滤网""]"
knowledge_base_v1,ICWIKI202307243889,HIGH,,错误 44-清确认污水箱上盖已扣紧，并清理清洗槽滤网,清确认污水箱上盖已扣紧 | 并清理清洗槽滤网,清确认污水箱上盖已扣紧，并清理清洗槽滤网,"[""错误44"", ""错误四十四"", ""清确认污水箱上盖已扣紧"", ""并清理清洗槽滤网""]"
knowledge_base_v1,ICWIKI202307243891,HIGH,,错误53-清洗盘水满，并清理排水口异物,清洗盘水满 | 并清理排水口异物,清洗盘水满，并清理排水口异物,"[""错误 53"", ""错误五十三"", ""清洗盘水满"", ""并清理排水口异物"", ""检查并清理排水口异物"", ""53异常"", ""清水盘满""]"
knowledge_base_v1,ICWIKI202307243953,HIGH,,错误2-请检查并轻拍碰撞缓冲器，确认未卡住,请检查并轻拍碰撞缓冲器 | 确认未卡住,请检查并轻拍碰撞缓冲器，确认未卡住,"[""错误 2"", ""错误二"", ""请检查并轻拍碰撞缓冲器"", ""确认未卡住"", ""碰撞缓冲器卡住怎么办""]"
knowledge_base_v1,ICWIKI202307260005,HIGH,,错误17—边刷模组异常，请尝试重置系统,边刷模组异常 | 请尝试重置系统,边刷模组异常，请尝试重置系统,"[""边刷无法使用"", ""提示我重置系统"", ""错误17"", ""错误十七"", ""边刷模组异常"", ""请尝试重置系统""]"
knowledge_base_v1,ICWIKI202307260008,HIGH,,错误15-沿墙传感器异常，请擦拭沿墙传感器,沿墙传感器异常 | 请擦拭沿墙传感器,沿墙传感器异常，请擦拭沿墙传感器,"[""错误15"", ""错误十五"", ""沿墙传感器异常"", ""请擦拭沿墙传感器""]"
knowledge_base_v1,ICWIKI202307260009,HIGH,,错误 16-主机倾斜，请将主机放置到水平地面启动,主机倾斜 | 请将主机放置到水平地面启动,主机倾斜，请将主机放置到水平地面启动,"[""错误16"", ""错误十六"", ""主机倾斜"", ""请将主机放置到水平地面启动""]"
knowledge_base_v1,ICWIKI202307260010,HIGH,,错误21—激光头压力传感器异常，请清理激光头上盖异物,激光头压力传感器异常 | 请清理激光头上盖异物,激光头压力传感器异常，请清理激光头上盖异物,"[""错误21—激光头压力传感器异常"", ""请确认激光头上盖未被压住"", ""错误21"", ""错误二十一"", ""激光头压力传感器异常"", ""请清理激光头上盖异物""]"
knowledge_base_v1,ICWIKI202307260011,HIGH,Y,错误22—回充传感器异常，请擦拭回充传感器,回充传感器异常 | 请擦拭回充传感器,回充传感器异常，请擦拭回充传感器,"[""错误22"", ""错误二十二"", ""回充传感器异常"", ""请擦拭回充传感器"", ""回充传感器异常"", ""请擦拭回充传感器""]"
knowledge_base_v1,ICWIKI202307260014,HIGH,,错误28-主机无法在地毯上启动，请将主机搬离此区域,主机无法在地毯上启动 | 请将主机搬离此区域,主机无法在地毯上启动，请将主机搬离此区域,"[""错误28"", ""错误二十八"", ""主机无法在地毯上启动"", ""请将主机搬离此区域"", ""报错误28怎么办"", ""什么是错误28""]"
knowledge_base_v1,ICWIKI202307260019,HIGH,Y,错误 40-清洗槽滤网未安装，请装回清洗槽滤网,清洗槽滤网未安装 | 请装回清洗槽滤网,清洗槽滤网未安装，请装回清洗槽滤网,"[""机器人回洗时"", ""报错误40：清洗槽滤网未安装"", ""请装回清洗槽滤网"", ""应如何处理？"", ""错误40"", ""错误四十"", ""清洗槽滤网未安装"", ""请装回清洗槽滤网""]"
knowledge_base_v1,ICWIKI202308090027,HIGH,,错误43- 请拨动回洗到位开关，并移到新位置启动,请拨动回洗到位开关 | 并移到新位置启动,请拨动回洗到位开关，并移到新位置启动,"[""扫地机器人报错误43-回洗到位开关异常"", ""应如何处理？"", ""错误 43"", ""错误四十三"", ""请拨动回洗到位开关"", ""并移到新位置启动""]"
knowledge_base_v1,ICWIKI202309040299,HIGH,,错误 4-悬崖传感器异常，请擦拭悬崖传感器并移动新位置启动,悬崖传感器异常 | 请擦拭悬崖传感器并移动新位置启动,悬崖传感器异常，请擦拭悬崖传感器并移动新位置启动,"[""机器人报错误4：悬崖传感器异常怎么办？"", ""错误4"", ""错误四"", ""悬崖传感器异常"", ""请擦拭悬崖传感器并移动新位置启动"", ""请擦拭悬崖传感器"", ""悬崖传感器故障""]"
knowledge_base_v1,ICWIKI202403211903,HIGH,,错误 8-可能卡住或困住，请移到新位置启动,可能卡住或困住 | 请移到新位置启动,可能卡住或困住，请移到新位置启动,"[""错误8"", ""错误八"", ""可能卡住或困住"", ""请移到新位置启动""]"
knowledge_base_v1,ICWIKI202404012062,HIGH,,错误52-请检查清洗盘，请装回清洗盘并确认安装到位,请检查清洗盘 | 请装回清洗盘并确认安装到位,请检查清洗盘，请装回清洗盘并确认安装到位,"[""错误52：请检查清洗盘"", ""并确保污水箱上盖已扣好怎么办？"", ""错误52"", ""错误五十二"", ""请检查清洗盘"", ""请装回清洗盘并确认安装到位""]"
knowledge_base_v1,ICWIKI202404232182,HIGH,Y,错误 42-请检查清洗槽滤网安装到位，检查并清理自清洁刷模组,请检查清洗槽滤网安装到位 | 检查并清理自清洁刷模组,请检查清洗槽滤网安装到位，检查并清理自清洁刷模组,"[""错误 42"", ""错误四十二"", ""请检查清洗槽滤网安装到位"", ""检查并清理自清洁刷模组"", ""请检查清洗槽滤网安装到位"", ""检查并清理自清洁刷模组""]"
knowledge_base_v1,ICWIKI202404232253,HIGH,,错误 48-进水异常，请打开水龙头并确认供水异常,进水异常 | 请打开水龙头并确认供水异常,进水异常，请打开水龙头并确认供水异常,"[""错误48"", ""错误四十八"", ""进水异常"", ""请打开水龙头并确认供水异常"", ""为什么会报“错误48：进水异常"", ""请打开水龙头并确认供水正常”？""]"
knowledge_base_v1,ICWIKI202405222678,HIGH,,"错误 24-检测到禁区或虚拟墙,请将主机搬离此区域",检测到禁区或虚拟墙 | 请将主机搬离此区域,检测到禁区或虚拟墙，请将主机搬离此区域,"[""机器人报错误24：检测到禁区或虚拟墙"", ""怎么处理？"", ""错误24"", ""错误二十四"", ""检测到禁区或虚拟墙"", ""请将主机搬离此区域""]"
knowledge_base_v1,ICWIKI202502280005,HIGH,,错误39-请清理污水箱，并安装到位,请清理污水箱 | 并安装到位,请清理污水箱，并安装到位,"[""错误 39"", ""错误三十九"", ""请清理污水箱"", ""并安装到位""]"
knowledge_base_v1,ICWIKI202502280049,HIGH,,错误18-吸尘风机异常，请尝试重置系统,吸尘风机异常 | 请尝试重置系统,吸尘风机异常，请尝试重置系统,"[""错误18"", ""吸尘风机异常"", ""请尝试重置系统"", ""错误十八""]"
knowledge_base_v1,ICWIKI202502280050,HIGH,,错误18-吸尘风机异常，请尝试重置系统,吸尘风机异常 | 请尝试重置系统,吸尘风机异常，请尝试重置系统,"[""错误18"", ""吸尘风机异常"", ""请尝试重置系统"", ""错误十八""]"
knowledge_base_v1,ICWIKI202505120002,HIGH,,错误22-回充传感器异常，请擦拭回充传感器,回充传感器异常 | 请擦拭回充传感器,回充传感器异常，请擦拭回充传感器,"[""错误22"", ""回充传感器异常"", ""请擦拭回充传感器"", ""错误二十二""]"
knowledge_base_v1,ICWIKI202509290232,HIGH,Y,错误82-滚筒罩缩回失败，请手动推起复位,滚筒罩缩回失败 | 请手动推起复位,滚筒罩缩回失败，请手动推起复位,"[""错误82-把滚筒罩推回去了还是报错"", ""错误 82"", ""错误八十二"", ""滚筒罩缩回失败"", ""请手动推起复位"", ""滚筒罩缩回失败""]"
knowledge_base_v1,ICWIKI202511030013,HIGH,,错误84-主机污水盒排水异常，请清理顶出机构,主机污水盒排水异常 | 请清理顶出机构,主机污水盒排水异常，请清理顶出机构,"[""错误84-主机污水盒排水异常"", ""请手动倒出污水"", ""并清理顶出机构"", ""错误84"", ""错误八十四"", ""主机污水盒排水异常"", ""请清理顶出机构""]"
knowledge_base_v1,ICWIKI202512010011,HIGH,,错误 62-请检查清洗槽滤网,清洗槽滤网可能堵塞 | 请检查并清理,清洗槽滤网可能堵塞，请检查并清理,"[""错误 62"", ""错误六十二"", ""请检查清洗槽滤网"", ""清洗槽滤网可能堵塞"", ""请检查并清理""]"
knowledge_base_v1_t1,ICWIKI202307243835,HIGH,Y,错误 26-沿墙传感器异常，请擦拭沿墙传感器,沿墙传感器异常 | 请擦拭沿墙传感器,沿墙传感器异常，请擦拭沿墙传感器,"[""扫地机器人出现错误26怎么办？"", ""错误 26"", ""错误二十六"", ""沿墙传感器异常"", ""请擦拭沿墙传感器"", ""沿墙传感器异常"", ""请擦拭沿墙传感器""]"
knowledge_base_v1_t1,ICWIKI202307243844,HIGH,Y,错误11-检测到强磁场，请远离虚拟墙重新启动,检测到强磁场 | 请远离虚拟墙重新启动,检测到强磁场，请远离虚拟墙重新启动,"[""错误 11"", ""错误十一"", ""检测到强磁场"", ""检测到强磁场"", ""请远离虚拟墙重新启动""]"
knowledge_base_v1_t1,ICWIKI202307243850,HIGH,,错误3-主机悬空，请将主机移到新位置启动,主机悬空 | 请将主机移到新位置启动,主机悬空，请将主机移到新位置启动,"[""错误3"", ""错误三"", ""主机悬空"", ""请将主机移到新位置启动"", ""主机移到新位置启动"", ""机器人一直提示主机悬空怎么办"", ""主机悬空应该怎么处理"", ""报主机悬空""]"
knowledge_base_v1_t1,ICWIKI202307243852,HIGH,,错误9- 尘盒未装回，请装回尘盒及滤网,尘盒未装回 | 请装回尘盒及滤网,尘盒未装回，请装回尘盒及滤网,"[""扫地机器人错误9---请装回尘盒及滤网"", ""提示尘盒未安装"", ""提示尘盒取出"", ""错误9"", ""错误九"", ""尘盒未装回"", ""请装回尘盒及滤网""]"
knowledge_base_v1_t1,ICWIKI202307243889,HIGH,,错误 44-清确认污水箱上盖已扣紧，并清理清洗槽滤网,清确认污水箱上盖已扣紧 | 并清理清洗槽滤网,清确认污水箱上盖已扣紧，并清理清洗槽滤网,"[""错误44"", ""错误四十四"", ""清确认污水箱上盖已扣紧"", ""并清理清洗槽滤网""]"
knowledge_base_v1_t1,ICWIKI202307243891,HIGH,,错误53-清洗盘水满，并清理排水口异物,清洗盘水满 | 并清理排水口异物,清洗盘水满，并清理排水口异物,"[""错误 53"", ""错误五十三"", ""清洗盘水满"", ""并清理排水口异物"", ""检查并清理排水口异物"", ""53异常"", ""清水盘满""]"
knowledge_base_v1_t1,ICWIKI202307243953,HIGH,,错误2-请检查并轻拍碰撞缓冲器，确认未卡住,请检查并轻拍碰撞缓冲器 | 确认未卡住,请检查并轻拍碰撞缓冲器，确认未卡住,"[""错误 2"", ""错误二"", ""请检查并轻拍碰撞缓冲器"", ""确认未卡住"", ""碰撞缓冲器卡住怎么办""]"
knowledge_base_v1_t1,ICWIKI202307244269,HIGH,,为什么全局清扫，扫地机清扫A区域，地图显示B位置？,扫地机清扫A区域 | 地图显示B位置？,扫地机清扫A区域，地图显示B位置？,"[""为什么选区清扫"", ""扫地机清扫A区域"", ""地图显示B位置？"", ""为什么清扫地图是乱的"", ""为什么清扫记录和实际清扫的位置不一致""]"
knowledge_base_v1_t1,ICWIKI202307260005,HIGH,,错误17—边刷模组异常，请尝试重置系统,边刷模组异常 | 请尝试重置系统,边刷模组异常，请尝试重置系统,"[""边刷无法使用"", ""提示我重置系统"", ""错误17"", ""错误十七"", ""边刷模组异常"", ""请尝试重置系统""]"
knowledge_base_v1_t1,ICWIKI202307260008,HIGH,,错误15-沿墙传感器异常，请擦拭沿墙传感器,沿墙传感器异常 | 请擦拭沿墙传感器,沿墙传感器异常，请擦拭沿墙传感器,"[""错误15"", ""错误十五"", ""沿墙传感器异常"", ""请擦拭沿墙传感器""]"
knowledge_base_v1_t1,ICWIKI202307260009,HIGH,,错误 16-主机倾斜，请将主机放置到水平地面启动,主机倾斜 | 请将主机放置到水平地面启动,主机倾斜，请将主机放置到水平地面启动,"[""错误16"", ""错误十六"", ""主机倾斜"", ""请将主机放置到水平地面启动""]"
knowledge_base_v1_t1,ICWIKI202307260010,HIGH,,错误21—激光头压力传感器异常，请清理激光头上盖异物,激光头压力传感器异常 | 请清理激光头上盖异物,激光头压力传感器异常，请清理激光头上盖异物,"[""错误21—激光头压力传感器异常"", ""请确认激光头上盖未被压住"", ""错误21"", ""错误二十一"", ""激光头压力传感器异常"", ""请清理激光头上盖异物""]"
knowledge_base_v1_t1,ICWIKI202307260011,HIGH,Y,错误22—回充传感器异常，请擦拭回充传感器,回充传感器异常 | 请擦拭回充传感器,回充传感器异常，请擦拭回充传感器,"[""错误22"", ""错误二十二"", ""回充传感器异常"", ""请擦拭回充传感器"", ""回充传感器异常"", ""请擦拭回充传感器""]"
knowledge_base_v1_t1,ICWIKI202307260012,HIGH,,"错误23——回充失败,请清理充电基站信号发射区",回充失败 | 请清理充电基站信号发射区,回充失败，请清理充电基站信号发射区,"[""错误23——回充失败"", ""请清理充电座信号发射区"", ""并重新插拔电源确认接触良好"", ""错误23"", ""错误二十三"", ""回充失败"", ""请清理充电基站信号发射区""]"
knowledge_base_v1_t1,ICWIKI202307260014,HIGH,,错误28-主机无法在地毯上启动，请将主机搬离此区域,主机无法在地毯上启动 | 请将主机搬离此区域,主机无法在地毯上启动，请将主机搬离此区域,"[""错误28"", ""错误二十八"", ""主机无法在地毯上启动"", ""请将主机搬离此区域"", ""报错误28怎么办"", ""什么是错误28""]"
knowledge_base_v1_t1,ICWIKI202307260019,HIGH,Y,错误 40-清洗槽滤网未安装，请装回清洗槽滤网,清洗槽滤网未安装 | 请装回清洗槽滤网,清洗槽滤网未安装，请装回清洗槽滤网,"[""机器人回洗时"", ""报错误40：清洗槽滤网未安装"", ""请装回清洗槽滤网"", ""应如何处理？"", ""错误40"", ""错误四十"", ""清洗槽滤网未安装"", ""请装回清洗槽滤网""]"
knowledge_base_v1_t1,ICWIKI202308090027,HIGH,,错误43- 请拨动回洗到位开关，并移到新位置启动,请拨动回洗到位开关 | 并移到新位置启动,请拨动回洗到位开关，并移到新位置启动,"[""扫地机器人报错误43-回洗到位开关异常"", ""应如何处理？"", ""错误 43"", ""错误四十三"", ""请拨动回洗到位开关"", ""并移到新位置启动""]"
knowledge_base_v1_t1,ICWIKI202308220097,HIGH,,错误 35-电压不匹配，无法集尘,电压不匹配 | 无法集尘,电压不匹配，无法集尘,"[""集尘座电压异常"", ""错误35"", ""错误三十五"", ""电压不匹配"", ""无法集尘""]"
knowledge_base_v1_t1,ICWIKI202309040299,HIGH,,错误 4-悬崖传感器异常，请擦拭悬崖传感器并移动新位置启动,悬崖传感器异常 | 请擦拭悬崖传感器并移动新位置启动,悬崖传感器异常，请擦拭悬崖传感器并移动新位置启动,"[""机器人报错误4：悬崖传感器异常怎么办？"", ""错误4"", ""错误四"", ""悬崖传感器异常"", ""请擦拭悬崖传感器并移动新位置启动"", ""请擦拭悬崖传感器"", ""悬崖传感器故障""]"
knowledge_base_v1_t1,ICWIKI202403211903,HIGH,,错误 8-可能卡住或困住，请移到新位置启动,可能卡住或困住 | 请移到新位置启动,可能卡住或困住，请移到新位置启动,"[""错误8"", ""错误八"", ""可能卡住或困住"", ""请移到新位置启动""]"
knowledge_base_v1_t1,ICWIKI202404012062,HIGH,,错误52-请检查清洗盘，请装回清洗盘并确认安装到位,请检查清洗盘 | 请装回清洗盘并确认安装到位,请检查清洗盘，请装回清洗盘并确认安装到位,"[""错误52：请检查清洗盘"", ""并确保污水箱上盖已扣好怎么办？"", ""错误52"", ""错误五十二"", ""请检查清洗盘"", ""请装回清洗盘并确认安装到位""]"
knowledge_base_v1_t1,ICWIKI202404232182,HIGH,Y,错误 42-请检查清洗槽滤网安装到位，检查并清理自清洁刷模组,请检查清洗槽滤网安装到位 | 检查并清理自清洁刷模组,请检查清洗槽滤网安装到位，检查并清理自清洁刷模组,"[""错误 42"", ""错误四十二"", ""请检查清洗槽滤网安装到位"", ""检查并清理自清洁刷模组"", ""请检查清洗槽滤网安装到位"", ""检查并清理自清洁刷模组""]"
knowledge_base_v1_t1,ICWIKI202404232253,HIGH,,错误 48-进水异常，请打开水龙头并确认供水异常,进水异常 | 请打开水龙头并确认供水异常,进水异常，请打开水龙头并确认供水异常,"[""错误48"", ""错误四十八"", ""进水异常"", ""请打开水龙头并确认供水异常"", ""为什么会报“错误48：进水异常"", ""请打开水龙头并确认供水正常”？""]"
knowledge_base_v1_t1,ICWIKI202405222678,HIGH,,"错误 24-检测到禁区或虚拟墙,请将主机搬离此区域",检测到禁区或虚拟墙 | 请将主机搬离此区域,检测到禁区或虚拟墙，请将主机搬离此区域,"[""机器人报错误24：检测到禁区或虚拟墙"", ""怎么处理？"", ""错误24"", ""错误二十四"", ""检测到禁区或虚拟墙"", ""请将主机搬离此区域""]"
knowledge_base_v1_t1,ICWIKI202502280005,HIGH,,错误39-请清理污水箱，并安装到位,请清理污水箱 | 并安装到位,请清理污水箱，并安装到位,"[""错误 39"", ""错误三十九"", ""请清理污水箱"", ""并安装到位""]"
knowledge_base_v1_t1,ICWIKI202502280049,HIGH,,错误18-吸尘风机异常，请尝试重置系统,吸尘风机异常 | 请尝试重置系统,吸尘风机异常，请尝试重置系统,"[""错误18"", ""吸尘风机异常"", ""请尝试重置系统"", ""错误十八""]"
knowledge_base_v1_t1,ICWIKI202502280050,HIGH,,错误18-吸尘风机异常，请尝试重置系统,吸尘风机异常 | 请尝试重置系统,吸尘风机异常，请尝试重置系统,"[""错误18"", ""吸尘风机异常"", ""请尝试重置系统"", ""错误十八""]"
knowledge_base_v1_t1,ICWIKI202505120002,HIGH,,错误22-回充传感器异常，请擦拭回充传感器,回充传感器异常 | 请擦拭回充传感器,回充传感器异常，请擦拭回充传感器,"[""错误22"", ""回充传感器异常"", ""请擦拭回充传感器"", ""错误二十二""]"
knowledge_base_v1_t1,ICWIKI202509290232,HIGH,Y,错误82-滚筒罩缩回失败，请手动推起复位,滚筒罩缩回失败 | 请手动推起复位,滚筒罩缩回失败，请手动推起复位,"[""错误82-把滚筒罩推回去了还是报错"", ""错误 82"", ""错误八十二"", ""滚筒罩缩回失败"", ""请手动推起复位"", ""滚筒罩缩回失败""]"
knowledge_base_v1_t1,ICWIKI202511030013,HIGH,,错误84-主机污水盒排水异常，请清理顶出机构,主机污水盒排水异常 | 请清理顶出机构,主机污水盒排水异常，请清理顶出机构,"[""错误84-主机污水盒排水异常"", ""请手动倒出污水"", ""并清理顶出机构"", ""错误84"", ""错误八十四"", ""主机污水盒排水异常"", ""请清理顶出机构""]"
knowledge_base_v1_t1,ICWIKI202512010011,HIGH,,错误 62-请检查清洗槽滤网,清洗槽滤网可能堵塞 | 请检查并清理,清洗槽滤网可能堵塞，请检查并清理,"[""错误 62"", ""错误六十二"", ""请检查清洗槽滤网"", ""清洗槽滤网可能堵塞"", ""请检查并清理""]"
knowledge_base_v1,ICWIKI202307243395,MEDIUM,,可以进入多高的低矮空间,可以通过多高的距离 | 可以通过最低多高的位置,可以通过多高的距离，可以通过最低多高的位置,"[""可以通过多高的距离"", ""可以通过最低多高的位置"", ""床底下能不能进去"", ""最低清扫高度是多少""]"
knowledge_base_v1,ICWIKI202307243845,MEDIUM,,错误 12-电量过低，请先充电,扫地机器人错误12--电量过低 | 请充电,扫地机器人错误12--电量过低，请充电,"[""扫地机器人错误12--电量过低"", ""请充电"", ""一直报电量过低请充电"", ""一直报电量过低怎么办"", ""显示报错电量低"", ""放在座机上"", ""老是提示电量过低请充电"", ""提示电量过低怎么充电"", ""提示电量过低"", ""该怎么办"", ""错误12"", ""错误十二"", ""充电报错12""]"
knowledge_base_v1,ICWIKI202307243848,MEDIUM,,错误 27-请检查拖地模组是否卡入异物,错误二十七 | 请检查拖地模组是否卡入异物,错误二十七，请检查拖地模组是否卡入异物,"[""扫地机器人错误27--请检查震动擦地模组是否卡入异物并移动到新位置启动"", ""错误 27"", ""错误二十七"", ""请检查拖地模组是否卡入异物""]"
knowledge_base_v1,ICWIKI202307243851,MEDIUM,,错误5-请取下主刷清理刷毛和轴承,错误五 | 请取下主刷清理刷毛和轴承,错误五，请取下主刷清理刷毛和轴承,"[""错误5"", ""错误五"", ""请取下主刷清理刷毛和轴承"", ""错误5--主刷可能缠绕异物"", ""请取下主刷清理刷毛及轴承"", ""老是提醒轴承有异物""]"
knowledge_base_v1,ICWIKI202307243851,MEDIUM,,错误5-请取下主刷清理刷毛和轴承,错误5--主刷可能缠绕异物 | 请取下主刷清理刷毛及轴承,错误5--主刷可能缠绕异物，请取下主刷清理刷毛及轴承,"[""错误5"", ""错误五"", ""请取下主刷清理刷毛和轴承"", ""错误5--主刷可能缠绕异物"", ""请取下主刷清理刷毛及轴承"", ""老是提醒轴承有异物""]"
knowledge_base_v1,ICWIKI202307244056,MEDIUM,,安装后基座能否随意搬动？,我要把基站换一个地方 | 请问怎么操作？,我要把基站换一个地方，请问怎么操作？,"[""如何搬动基站"", ""如何更换基站位置？"", ""我需要更新基站位置"", ""我要把基站换一个地方"", ""请问怎么操作？""]"
knowledge_base_v1,ICWIKI202307260006,MEDIUM,,错误7-请旋转清理主轮并移到新位置启动,错误七 | 请旋转清理主轮并移到新位置启动,错误七，请旋转清理主轮并移到新位置启动,"[""错误7"", ""错误七"", ""请旋转清理主轮并移到新位置启动""]"
knowledge_base_v1,ICWIKI202307260010,MEDIUM,,错误21—激光头压力传感器异常，请清理激光头上盖异物,错误21—激光头压力传感器异常 | 请确认激光头上盖未被压住,错误21—激光头压力传感器异常，请确认激光头上盖未被压住,"[""错误21—激光头压力传感器异常"", ""请确认激光头上盖未被压住"", ""错误21"", ""错误二十一"", ""激光头压力传感器异常"", ""请清理激光头上盖异物""]"
knowledge_base_v1,ICWIKI202307260012,MEDIUM,,"错误23——回充失败,请清理充电基站信号发射区",错误23——回充失败 | 请清理充电座信号发射区,错误23——回充失败，请清理充电座信号发射区,"[""错误23——回充失败"", ""请清理充电座信号发射区"", ""错误23"", ""错误二十三"", ""回充失败，请清理充电基站信号发射区""]"
knowledge_base_v1,ICWIKI202307260019,MEDIUM,Y,错误 40-清洗槽滤网未安装，请装回清洗槽滤网,报错误40：清洗槽滤网未安装 | 请装回清洗槽滤网,报错误40：清洗槽滤网未安装，请装回清洗槽滤网,"[""机器人回洗时"", ""报错误40：清洗槽滤网未安装"", ""请装回清洗槽滤网"", ""应如何处理？"", ""错误40"", ""错误四十"", ""清洗槽滤网未安装"", ""请装回清洗槽滤网""]"
knowledge_base_v1,ICWIKI202309040309,MEDIUM,,七天无理由退货标准是什么？,我的扫拖机器人使用过了 | 可以退吗？,我的扫拖机器人使用过了，可以退吗？,"[""我的扫拖机器人使用过了"", ""可以退吗？""]"
knowledge_base_v1,ICWIKI202404012062,MEDIUM,,错误52-请检查清洗盘，请装回清洗盘并确认安装到位,错误52：请检查清洗盘 | 并确保污水箱上盖已扣好怎么办？,错误52：请检查清洗盘，并确保污水箱上盖已扣好怎么办？,"[""错误52：请检查清洗盘"", ""并确保污水箱上盖已扣好怎么办？"", ""错误52"", ""错误五十二"", ""请检查清洗盘"", ""请装回清洗盘并确认安装到位""]"
knowledge_base_v1,ICWIKI202404232253,MEDIUM,,错误 48-进水异常，请打开水龙头并确认供水异常,为什么会报“错误48：进水异常 | 请打开水龙头并确认供水正常”？,为什么会报“错误48：进水异常，请打开水龙头并确认供水正常”？,"[""错误48"", ""错误四十八"", ""进水异常"", ""请打开水龙头并确认供水异常"", ""为什么会报“错误48：进水异常"", ""请打开水龙头并确认供水正常”？""]"
knowledge_base_v1,ICWIKI202404232513,MEDIUM,,错误31-请擦拭前后感知传感器,错误三十一 | 请擦拭前后感知传感器,错误三十一，请擦拭前后感知传感器,"[""错误 31"", ""错误三十一"", ""请擦拭前后感知传感器""]"
knowledge_base_v1,ICWIKI202406142864,MEDIUM,,错误56-请检查沿边拖地模组是否卡入异物,错误五十六 | 请检查沿边拖地模组是否卡入异物,错误五十六，请检查沿边拖地模组是否卡入异物,"[""错误56"", ""错误五十六"", ""请检查沿边拖地模组是否卡入异物""]"
knowledge_base_v1,ICWIKI202501130128,MEDIUM,,错误13-充电接触不良，请清理充电接触区域,错误13:充电接触不良 | 请清理充电接触区域,错误13:充电接触不良，请清理充电接触区域,"[""总说充电接触区域清理"", ""错误13:充电接触不良"", ""请清理充电接触区域"", ""反馈充电接触不良 无法返回基站"", ""错误13"", ""错误十三"", ""充电接触不良"", ""请清理充电区域""]"
knowledge_base_v1,ICWIKI202501130128,MEDIUM,,错误13-充电接触不良，请清理充电接触区域,充电接触不良 | 请清理充电区域,充电接触不良，请清理充电区域,"[""总说充电接触区域清理"", ""错误13:充电接触不良"", ""请清理充电接触区域"", ""反馈充电接触不良 无法返回基站"", ""错误13"", ""错误十三"", ""充电接触不良"", ""请清理充电区域""]"
knowledge_base_v1,ICWIKI202501130218,MEDIUM,,语控功能怎么使用？,怎么召唤小石 | 可以语音唤醒石头吗,怎么召唤小石，可以语音唤醒石头吗,"[""怎么唤醒语音助手"", ""机器人怎么唤起"", ""唤醒机器人口令"", ""如何使用语音操控"", ""怎么语音控制它"", ""怎么操作才能语音控制"", ""如何使用语音控制机器"", ""怎么语音沟通"", ""语音怎么使用"", ""怎么语音互动"", ""语音唤醒关键词"", ""我怎么语音唤醒"", ""怎么唤醒石头"", ""怎么召唤小石"", ""可以语音唤醒石头吗"", ""石头的唤醒语是什么"", ""怎么语言唤醒石头"", ""如何唤醒机器人"", ""怎么进行语音控制"", ""机器人语音控制怎么开启"", ""唤醒词是什么"", ""怎么样喊你"", ""怎么语音对话"", ""如何语音沟通"", ""怎么语音聊天"", ""可以语音吗？"", ""能语音对话吗"", ""怎么和石头说话"", ""怎么跟石头说话""]"
knowledge_base_v1,ICWIKI202501130218,MEDIUM,,语控功能怎么使用？,怎么语音聊天 | 可以语音吗？,怎么语音聊天，可以语音吗？,"[""怎么唤醒语音助手"", ""机器人怎么唤起"", ""唤醒机器人口令"", ""如何使用语音操控"", ""怎么语音控制它"", ""怎么操作才能语音控制"", ""如何使用语音控制机器"", ""怎么语音沟通"", ""语音怎么使用"", ""怎么语音互动"", ""语音唤醒关键词"", ""我怎么语音唤醒"", ""怎么唤醒石头"", ""怎么召唤小石"", ""可以语音唤醒石头吗"", ""石头的唤醒语是什么"", ""怎么语言唤醒石头"", ""如何唤醒机器人"", ""怎么进行语音控制"", ""机器人语音控制怎么开启"", ""唤醒词是什么"", ""怎么样喊你"", ""怎么语音对话"", ""如何语音沟通"", ""怎么语音聊天"", ""可以语音吗？"", ""能语音对话吗"", ""怎么和石头说话"", ""怎么跟石头说话""]"
knowledge_base_v1,ICWIKI202502160014,MEDIUM,,扫地机如何关机,怎么在线关机 | 可以远程关机吗？,怎么在线关机，可以远程关机吗？,"[""如何关机"", ""怎么手机上操作让机器人关机"", ""如何在手机上关机"", ""如何远程关机"", ""怎么在线关机"", ""可以远程关机吗？"", ""不用的时候怎么关机""]"
knowledge_base_v1,ICWIKI202502160015,MEDIUM,,唤醒词如何修改？,石头这个称呼 | 可以换成别的名字吗？,石头这个称呼，可以换成别的名字吗？,"[""石头这个称呼"", ""可以换成别的名字吗？"", ""语音控制名如何修改？"", ""怎么更改唤醒语音的名字"", ""怎么改你好石头"", ""语音唤醒的名字能改吗""]"
knowledge_base_v1,ICWIKI202502280029,MEDIUM,,机身高度是多少,可以通过多高的距离 | 可以通过最低多高的位置,可以通过多高的距离，可以通过最低多高的位置,"[""可以通过多高的距离"", ""可以通过最低多高的位置""]"
knowledge_base_v1,ICWIKI202503040027,MEDIUM,Y,扫地机基座的日常清理视频,基站如何清洁 | 可以来指导下怎么清洗基座吗,基站如何清洁，可以来指导下怎么清洗基座吗,"[""更换集尘袋的视频"", ""清理清水箱的视频"", ""清理污水箱的视频"", ""清理清洗盘的视频"", ""如何更换集尘袋的视频"", ""如何更换集尘袋"", ""在哪儿更换集尘袋"", ""发一下更换尘袋的视频"", ""更换集尘袋教程"", ""更换那种集尘袋？"", ""请给我图示如何更换集尘袋"", ""如何清理清洗盘"", ""清理清洗盘的视频"", ""基站如何清理"", ""基站如何清洁"", ""可以来指导下怎么清洗基座吗""]"
knowledge_base_v1,ICWIKI202503130057,MEDIUM,,错误55-请检查清洗盘是否堵塞,错误55 | 请检查清洗盘是否堵塞,错误55，请检查清洗盘是否堵塞,"[""错误55"", ""请检查清洗盘是否堵塞""]"
knowledge_base_v1,ICWIKI202503180001,MEDIUM,,以旧换新活动规则,以旧换新申请后新机在哪个平台购买 | 可以在天猫/京东/苏宁/有品等其它渠道以旧换新吗,以旧换新申请后新机在哪个平台购买，可以在天猫/京东/苏宁/有品等其它渠道以旧换新吗,"[""可以换购么？"", ""有换购活动么？"", ""如何参与产品回收活动"", ""以旧换新"", ""参加以旧换新"", ""以旧换新申请后新机在哪个平台购买"", ""可以在天猫/京东/苏宁/有品等其它渠道以旧换新吗"", ""补差价换新机活动"", ""以旧换新减多少""]"
knowledge_base_v1,ICWIKI202504210102,MEDIUM,,机身高度是多少,可以通过多高的距离 | 可以通过最低多高的位置,可以通过多高的距离，可以通过最低多高的位置,"[""可以通过多高的距离"", ""可以通过最低多高的位置""]"
knowledge_base_v1,ICWIKI202505190018,MEDIUM,,错误6—请拆卸并清理边刷,错误6-边刷可能缠绕异物 | 请拆卸并清理,错误6-边刷可能缠绕异物，请拆卸并清理,"[""错误6-边刷可能缠绕异物"", ""请拆卸并清理"", ""错误6"", ""错误6怎么办"", ""什么是错误6"", ""错误六""]"
knowledge_base_v1,ICWIKI202505190019,MEDIUM,,错误1-请拨动激光测距传感器，确认无遮挡或被卡住,清拨动激光测距传感器 | 确认无遮挡或被卡住,清拨动激光测距传感器，确认无遮挡或被卡住,"[""故障1怎么办"", ""清拨动激光测距传感器"", ""确认无遮挡或被卡住"", ""什么是错误1"", ""错误1是什么问题"", ""机器人报错误1怎么办？"", ""错误1"", ""激光头异常""]"
knowledge_base_v1,ICWIKI202506090006,MEDIUM,,延保添加失败,显示“产品未配置 | 请联系客服处理”怎么办,显示“产品未配置，请联系客服处理”怎么办,"[""电子保卡一直无法激活"", ""保修卡申请失败"", ""显示“产品未配置"", ""请联系客服处理”怎么办""]"
knowledge_base_v1,ICWIKI202507210056,MEDIUM,,如何联系人工客服,如何缴纳检修费用 | 可以修改取件时间吗？,如何缴纳检修费用，可以修改取件时间吗？,"[""投诉"", ""设备出现损坏怎么办"", ""有售后维修点嘛？"", ""石头扫地机的维修点有哪些？"", ""如何联系售后"", ""如何缴纳检修费用"", ""可以修改取件时间吗？"", ""如何更换发票"", ""维修地点在哪里"", ""越障门槛条增高版在哪里买？"", ""如何预约拆机"", ""如何报修"", ""上门维修"", ""晒单权益有什么"", ""清水箱坏了"", ""老客户没有优惠吗"", ""污水管接口断了"", ""如何买T6的配件"", ""滤网没有收到"", ""更换电池多少钱"", ""购机是否有赠品？"", ""扫地机上门收费标准"", ""设备需要维修怎么办？"", ""维修地点有么？"", ""已经申请退款"", ""请处理一下退款申请"", ""为什么我没有时来运转的礼盒呢"", ""少发货怎么办"", ""如何撤回维修单"", ""如何快递预约"", ""返厂维修"", ""如何申请报修单"", ""底座充电片坏了"", ""如何进行售后维修？"", ""驱动轮坏了"", ""增高爬坡垫有吗"", ""如何购买电池"", ""扫地机进水需维修怎么办"", ""越障门槛条怎么加购延长件？"", ""延长件在哪里买"", ""新用户专享礼是什么"", ""主轮损坏如何维修"", ""购买的配件和原装对不上"", ""如何联系维修"", ""赠品没发全"", ""预约维修"", ""如何取消预约"", ""要加高套件怎么下单？"", ""拖布支架在哪里买"", ""要买拖布支架"", ""怎么领取石来运转礼品"", ""我的扫地机器人坏了怎么修"", ""洗地机的过滤海绵在哪里买？"", ""过滤海绵有没有卖的"", ""主轮轮胎皮磨损没了"", ""安装预约时间约满怎么办"", ""朋友圈晒单礼是什么？"", ""咨询拆装服务"", ""内购有哪些优惠"", ""我要重新下单"", ""请帮我尽快退款"", ""拖布上的胶带不粘了在哪里买？"", ""旋转拖布的粘胶怎么买"", ""万向轮怎么购买"", ""购机礼包有什么"", ""有在线服务么？"", ""进水短路怎么办"", ""退货帮我通过一下"", ""如何购买水箱"", ""我想要一块爬坡版"", ""维修支付链接在哪里？"", ""预约安装失败怎么办"", ""洗地机清洁毛刷如何购买"", ""预约安装为什么被取消"", ""为什么取消安装没有通知"", ""售后订单如何支付"", ""发一下水箱购买链接"", ""购买拖布支架"", ""预约寄件后快递员未上门取件应如何处理？"", ""反馈的问题目前进展如何？"", ""预约安装电话填写错误"", ""购买底部托盘配件"", ""购买清洗盘"", ""购买清洗槽"", ""高速自清洁刷购买"", ""朋友圈晒单"", ""如何购买一次性拖布支架"", ""购买的清洁液漏液"", ""人工"", ""转人工"", ""买水箱"", ""维修故障原因查询"", ""申请取消延保审核"", ""返修的订单一直没有取件怎么办"", ""维修寄回哪些部分"", ""如何购买拖布上的魔术贴"", ""如何支付因维修更换配件的费用""]"
knowledge_base_v1,ICWIKI202507210056,MEDIUM,,如何联系人工客服,已经申请退款 | 请处理一下退款申请,已经申请退款，请处理一下退款申请,"[""投诉"", ""设备出现损坏怎么办"", ""有售后维修点嘛？"", ""石头扫地机的维修点有哪些？"", ""如何联系售后"", ""如何缴纳检修费用"", ""可以修改取件时间吗？"", ""如何更换发票"", ""维修地点在哪里"", ""越障门槛条增高版在哪里买？"", ""如何预约拆机"", ""如何报修"", ""上门维修"", ""晒单权益有什么"", ""清水箱坏了"", ""老客户没有优惠吗"", ""污水管接口断了"", ""如何买T6的配件"", ""滤网没有收到"", ""更换电池多少钱"", ""购机是否有赠品？"", ""扫地机上门收费标准"", ""设备需要维修怎么办？"", ""维修地点有么？"", ""已经申请退款"", ""请处理一下退款申请"", ""为什么我没有时来运转的礼盒呢"", ""少发货怎么办"", ""如何撤回维修单"", ""如何快递预约"", ""返厂维修"", ""如何申请报修单"", ""底座充电片坏了"", ""如何进行售后维修？"", ""驱动轮坏了"", ""增高爬坡垫有吗"", ""如何购买电池"", ""扫地机进水需维修怎么办"", ""越障门槛条怎么加购延长件？"", ""延长件在哪里买"", ""新用户专享礼是什么"", ""主轮损坏如何维修"", ""购买的配件和原装对不上"", ""如何联系维修"", ""赠品没发全"", ""预约维修"", ""如何取消预约"", ""要加高套件怎么下单？"", ""拖布支架在哪里买"", ""要买拖布支架"", ""怎么领取石来运转礼品"", ""我的扫地机器人坏了怎么修"", ""洗地机的过滤海绵在哪里买？"", ""过滤海绵有没有卖的"", ""主轮轮胎皮磨损没了"", ""安装预约时间约满怎么办"", ""朋友圈晒单礼是什么？"", ""咨询拆装服务"", ""内购有哪些优惠"", ""我要重新下单"", ""请帮我尽快退款"", ""拖布上的胶带不粘了在哪里买？"", ""旋转拖布的粘胶怎么买"", ""万向轮怎么购买"", ""购机礼包有什么"", ""有在线服务么？"", ""进水短路怎么办"", ""退货帮我通过一下"", ""如何购买水箱"", ""我想要一块爬坡版"", ""维修支付链接在哪里？"", ""预约安装失败怎么办"", ""洗地机清洁毛刷如何购买"", ""预约安装为什么被取消"", ""为什么取消安装没有通知"", ""售后订单如何支付"", ""发一下水箱购买链接"", ""购买拖布支架"", ""预约寄件后快递员未上门取件应如何处理？"", ""反馈的问题目前进展如何？"", ""预约安装电话填写错误"", ""购买底部托盘配件"", ""购买清洗盘"", ""购买清洗槽"", ""高速自清洁刷购买"", ""朋友圈晒单"", ""如何购买一次性拖布支架"", ""购买的清洁液漏液"", ""人工"", ""转人工"", ""买水箱"", ""维修故障原因查询"", ""申请取消延保审核"", ""返修的订单一直没有取件怎么办"", ""维修寄回哪些部分"", ""如何购买拖布上的魔术贴"", ""如何支付因维修更换配件的费用""]"
knowledge_base_v1,ICWIKI202507210056,MEDIUM,,如何联系人工客服,我要重新下单 | 请帮我尽快退款,我要重新下单，请帮我尽快退款,"[""投诉"", ""设备出现损坏怎么办"", ""有售后维修点嘛？"", ""石头扫地机的维修点有哪些？"", ""如何联系售后"", ""如何缴纳检修费用"", ""可以修改取件时间吗？"", ""如何更换发票"", ""维修地点在哪里"", ""越障门槛条增高版在哪里买？"", ""如何预约拆机"", ""如何报修"", ""上门维修"", ""晒单权益有什么"", ""清水箱坏了"", ""老客户没有优惠吗"", ""污水管接口断了"", ""如何买T6的配件"", ""滤网没有收到"", ""更换电池多少钱"", ""购机是否有赠品？"", ""扫地机上门收费标准"", ""设备需要维修怎么办？"", ""维修地点有么？"", ""已经申请退款"", ""请处理一下退款申请"", ""为什么我没有时来运转的礼盒呢"", ""少发货怎么办"", ""如何撤回维修单"", ""如何快递预约"", ""返厂维修"", ""如何申请报修单"", ""底座充电片坏了"", ""如何进行售后维修？"", ""驱动轮坏了"", ""增高爬坡垫有吗"", ""如何购买电池"", ""扫地机进水需维修怎么办"", ""越障门槛条怎么加购延长件？"", ""延长件在哪里买"", ""新用户专享礼是什么"", ""主轮损坏如何维修"", ""购买的配件和原装对不上"", ""如何联系维修"", ""赠品没发全"", ""预约维修"", ""如何取消预约"", ""要加高套件怎么下单？"", ""拖布支架在哪里买"", ""要买拖布支架"", ""怎么领取石来运转礼品"", ""我的扫地机器人坏了怎么修"", ""洗地机的过滤海绵在哪里买？"", ""过滤海绵有没有卖的"", ""主轮轮胎皮磨损没了"", ""安装预约时间约满怎么办"", ""朋友圈晒单礼是什么？"", ""咨询拆装服务"", ""内购有哪些优惠"", ""我要重新下单"", ""请帮我尽快退款"", ""拖布上的胶带不粘了在哪里买？"", ""旋转拖布的粘胶怎么买"", ""万向轮怎么购买"", ""购机礼包有什么"", ""有在线服务么？"", ""进水短路怎么办"", ""退货帮我通过一下"", ""如何购买水箱"", ""我想要一块爬坡版"", ""维修支付链接在哪里？"", ""预约安装失败怎么办"", ""洗地机清洁毛刷如何购买"", ""预约安装为什么被取消"", ""为什么取消安装没有通知"", ""售后订单如何支付"", ""发一下水箱购买链接"", ""购买拖布支架"", ""预约寄件后快递员未上门取件应如何处理？"", ""反馈的问题目前进展如何？"", ""预约安装电话填写错误"", ""购买底部托盘配件"", ""购买清洗盘"", ""购买清洗槽"", ""高速自清洁刷购买"", ""朋友圈晒单"", ""如何购买一次性拖布支架"", ""购买的清洁液漏液"", ""人工"", ""转人工"", ""买水箱"", ""维修故障原因查询"", ""申请取消延保审核"", ""返修的订单一直没有取件怎么办"", ""维修寄回哪些部分"", ""如何购买拖布上的魔术贴"", ""如何支付因维修更换配件的费用""]"
knowledge_base_v1,ICWIKI202509280008,MEDIUM,,如何联系人工客服,如何缴纳检修费用 | 可以修改取件时间吗？,如何缴纳检修费用，可以修改取件时间吗？,"[""投诉"", ""设备出现损坏怎么办"", ""有售后维修点嘛？"", ""石头扫地机的维修点有哪些？"", ""如何联系售后"", ""如何缴纳检修费用"", ""可以修改取件时间吗？"", ""如何更换发票"", ""维修地点在哪里"", ""朋友圈晒单有什么要求？"", ""我买的配件不对呀"", ""购买的配件和原装对不上"", ""安装预约时间已经约满怎么办"", ""如何预约拆机"", ""开箱扫码晒单送好礼的发放的时间"", ""晒单礼怎么参与啊"", ""如何报修"", ""上门维修"", ""晒单权益有什么"", ""老客户没有优惠吗"", ""内购有哪些优惠"", ""咨询拆装服务"", ""需要返修"", ""洗衣机拆机服务"", ""屏幕脱胶怎么办"", ""洗衣机维修"", ""人工"", ""转人工""]"
knowledge_base_v1,ICWIKI202509280008,MEDIUM,,如何联系人工客服,咨询拆装服务 | 需要返修,咨询拆装服务，需要返修,"[""投诉"", ""设备出现损坏怎么办"", ""有售后维修点嘛？"", ""石头扫地机的维修点有哪些？"", ""如何联系售后"", ""如何缴纳检修费用"", ""可以修改取件时间吗？"", ""如何更换发票"", ""维修地点在哪里"", ""朋友圈晒单有什么要求？"", ""我买的配件不对呀"", ""购买的配件和原装对不上"", ""安装预约时间已经约满怎么办"", ""如何预约拆机"", ""开箱扫码晒单送好礼的发放的时间"", ""晒单礼怎么参与啊"", ""如何报修"", ""上门维修"", ""晒单权益有什么"", ""老客户没有优惠吗"", ""内购有哪些优惠"", ""咨询拆装服务"", ""需要返修"", ""洗衣机拆机服务"", ""屏幕脱胶怎么办"", ""洗衣机维修"", ""人工"", ""转人工""]"
knowledge_base_v1,ICWIKI202509290311,MEDIUM,,错误31-请擦拭前后感知传感器,错误三十一 | 请擦拭前后感知传感器,错误三十一，请擦拭前后感知传感器,"[""错误 31"", ""错误三十一"", ""请擦拭前后感知传感器""]"
knowledge_base_v1,ICWIKI202510210024,MEDIUM,,一离开基站就离线怎么回事,为什么设备说“开始清扫” | 然后就不工作了,为什么设备说“开始清扫”，然后就不工作了,"[""主机离开基站就关机了"", ""出来后就不工作了"", ""为什么设备说“开始清扫”"", ""然后就不工作了"", ""离开了基站就离线了""]"
knowledge_base_v1,ICWIKI202511030013,MEDIUM,,错误84-主机污水盒排水异常，请清理顶出机构,错误84-主机污水盒排水异常 | 请手动倒出污水,错误84-主机污水盒排水异常，请手动倒出污水,"[""错误84-主机污水盒排水异常"", ""请手动倒出污水"", ""并清理顶出机构"", ""错误84"", ""错误八十四"", ""主机污水盒排水异常"", ""请清理顶出机构""]"
knowledge_base_v1,ICWIKI202511030013,MEDIUM,,错误84-主机污水盒排水异常，请清理顶出机构,请手动倒出污水 | 并清理顶出机构,请手动倒出污水，并清理顶出机构,"[""错误84-主机污水盒排水异常"", ""请手动倒出污水"", ""并清理顶出机构"", ""错误84"", ""错误八十四"", ""主机污水盒排水异常"", ""请清理顶出机构""]"
knowledge_base_v1,ICWIKI202512010011,MEDIUM,,错误 62-请检查清洗槽滤网,错误六十二 | 请检查清洗槽滤网,错误六十二，请检查清洗槽滤网,"[""错误 62"", ""错误六十二"", ""请检查清洗槽滤网"", ""清洗槽滤网可能堵塞"", ""请检查并清理""]"
knowledge_base_v1,ICWIKI202601070011,MEDIUM,,如何维护扫地机,如何清洁可水洗滤网 | 可水洗滤网怎么装回,如何清洁可水洗滤网，可水洗滤网怎么装回,"[""如何维护主刷"", ""中间滚刷那个整体能拆吗？"", ""如何清洁可水洗滤网"", ""可水洗滤网怎么装回"", ""尘盒怎么装回"", ""如何安装主刷罩"", ""软胶主刷如何安装"", ""主刷怎么装不上去了？"", ""边刷怎么拆卸"", ""边刷怎么更换"", ""万向轮怎么拆卸"", ""万向轮怎么装回"", ""如何清洁扫地机"", ""日常怎么清洁扫地机""]"
knowledge_base_v1,ICWIKI202601140048,MEDIUM,,主机可进入高度,扫地机进入高度 | 可以通过多高的距离,扫地机进入高度，可以通过多高的距离,"[""床底高度多少能够通过"", ""扫地机进入高度"", ""可以通过多高的距离"", ""可以通过最低多高的位置"", ""最低打扫高度""]"
knowledge_base_v1,ICWIKI202601140048,MEDIUM,,主机可进入高度,可以通过多高的距离 | 可以通过最低多高的位置,可以通过多高的距离，可以通过最低多高的位置,"[""床底高度多少能够通过"", ""扫地机进入高度"", ""可以通过多高的距离"", ""可以通过最低多高的位置"", ""最低打扫高度""]"
knowledge_base_v1,ICWIKI202603240006,MEDIUM,,扫地机如何重启,点哪个重新启动 | 可以在手机上重启吗？,点哪个重新启动，可以在手机上重启吗？,"[""设备重启怎么弄"", ""重启在哪儿"", ""重新启动的步骤"", ""重启键怎么重新启动"", ""重启设备怎么操做？"", ""点哪个重新启动"", ""可以在手机上重启吗？"", ""APP上重启设备的选项在哪里"", ""app如何重启设备"", ""如何用手机重启"", ""如何重新开机？"", ""怎么重新开机？""]"
knowledge_base_v1_t1,ICWIKI202307243395,MEDIUM,,可以进入多高的低矮空间,可以通过多高的距离 | 可以通过最低多高的位置,可以通过多高的距离，可以通过最低多高的位置,"[""可以通过多高的距离"", ""可以通过最低多高的位置"", ""床底下能不能进去"", ""最低清扫高度是多少""]"
knowledge_base_v1_t1,ICWIKI202307243845,MEDIUM,,错误 12-电量过低，请先充电,扫地机器人错误12--电量过低 | 请充电,扫地机器人错误12--电量过低，请充电,"[""扫地机器人错误12--电量过低"", ""请充电"", ""一直报电量过低请充电"", ""一直报电量过低怎么办"", ""显示报错电量低"", ""放在座机上"", ""老是提示电量过低请充电"", ""提示电量过低怎么充电"", ""提示电量过低"", ""该怎么办"", ""错误12"", ""错误十二"", ""充电报错12""]"
knowledge_base_v1_t1,ICWIKI202307243848,MEDIUM,,错误 27-请检查拖地模组是否卡入异物,错误二十七 | 请检查拖地模组是否卡入异物,错误二十七，请检查拖地模组是否卡入异物,"[""扫地机器人错误27--请检查震动擦地模组是否卡入异物并移动到新位置启动"", ""错误 27"", ""错误二十七"", ""请检查拖地模组是否卡入异物""]"
knowledge_base_v1_t1,ICWIKI202307243851,MEDIUM,,错误5-请取下主刷清理刷毛和轴承,错误五 | 请取下主刷清理刷毛和轴承,错误五，请取下主刷清理刷毛和轴承,"[""错误5"", ""错误五"", ""请取下主刷清理刷毛和轴承"", ""错误5--主刷可能缠绕异物"", ""请取下主刷清理刷毛及轴承"", ""老是提醒轴承有异物""]"
knowledge_base_v1_t1,ICWIKI202307243851,MEDIUM,,错误5-请取下主刷清理刷毛和轴承,错误5--主刷可能缠绕异物 | 请取下主刷清理刷毛及轴承,错误5--主刷可能缠绕异物，请取下主刷清理刷毛及轴承,"[""错误5"", ""错误五"", ""请取下主刷清理刷毛和轴承"", ""错误5--主刷可能缠绕异物"", ""请取下主刷清理刷毛及轴承"", ""老是提醒轴承有异物""]"
knowledge_base_v1_t1,ICWIKI202307244056,MEDIUM,,安装后基座能否随意搬动？,我要把基站换一个地方 | 请问怎么操作？,我要把基站换一个地方，请问怎么操作？,"[""如何搬动基站"", ""如何更换基站位置？"", ""我需要更新基站位置"", ""我要把基站换一个地方"", ""请问怎么操作？""]"
knowledge_base_v1_t1,ICWIKI202307260006,MEDIUM,,错误7-请旋转清理主轮并移到新位置启动,错误七 | 请旋转清理主轮并移到新位置启动,错误七，请旋转清理主轮并移到新位置启动,"[""错误7"", ""错误七"", ""请旋转清理主轮并移到新位置启动""]"
knowledge_base_v1_t1,ICWIKI202307260010,MEDIUM,,错误21—激光头压力传感器异常，请清理激光头上盖异物,错误21—激光头压力传感器异常 | 请确认激光头上盖未被压住,错误21—激光头压力传感器异常，请确认激光头上盖未被压住,"[""错误21—激光头压力传感器异常"", ""请确认激光头上盖未被压住"", ""错误21"", ""错误二十一"", ""激光头压力传感器异常"", ""请清理激光头上盖异物""]"
knowledge_base_v1_t1,ICWIKI202307260012,MEDIUM,,"错误23——回充失败,请清理充电基站信号发射区",错误23——回充失败 | 请清理充电座信号发射区,错误23——回充失败，请清理充电座信号发射区,"[""错误23——回充失败"", ""请清理充电座信号发射区"", ""并重新插拔电源确认接触良好"", ""错误23"", ""错误二十三"", ""回充失败"", ""请清理充电基站信号发射区""]"
knowledge_base_v1_t1,ICWIKI202307260012,MEDIUM,,"错误23——回充失败,请清理充电基站信号发射区",请清理充电座信号发射区 | 并重新插拔电源确认接触良好,请清理充电座信号发射区，并重新插拔电源确认接触良好,"[""错误23——回充失败"", ""请清理充电座信号发射区"", ""并重新插拔电源确认接触良好"", ""错误23"", ""错误二十三"", ""回充失败"", ""请清理充电基站信号发射区""]"
knowledge_base_v1_t1,ICWIKI202307260019,MEDIUM,Y,错误 40-清洗槽滤网未安装，请装回清洗槽滤网,报错误40：清洗槽滤网未安装 | 请装回清洗槽滤网,报错误40：清洗槽滤网未安装，请装回清洗槽滤网,"[""机器人回洗时"", ""报错误40：清洗槽滤网未安装"", ""请装回清洗槽滤网"", ""应如何处理？"", ""错误40"", ""错误四十"", ""清洗槽滤网未安装"", ""请装回清洗槽滤网""]"
knowledge_base_v1_t1,ICWIKI202308090025,MEDIUM,,错误 150-电磁阀异常,基站异常 | 请插拔电源重试,基站异常，请插拔电源重试,"[""错误150"", ""错误一百五十"", ""电磁阀异常"", ""基站异常"", ""请插拔电源重试"", ""错误 153"", ""错误一百五十三"", ""错误一五三"", ""上下水 - 进水电子阀 / 清水水满霍尔异常"", ""错误 158"", ""错误原因：150 电磁阀异常"", ""应如何处理？"", ""上下水报错基站异常""]"
knowledge_base_v1_t1,ICWIKI202309040309,MEDIUM,,七天无理由退货标准是什么？,我的扫拖机器人使用过了 | 可以退吗？,我的扫拖机器人使用过了，可以退吗？,"[""我的扫拖机器人使用过了"", ""可以退吗？""]"
knowledge_base_v1_t1,ICWIKI202404012062,MEDIUM,,错误52-请检查清洗盘，请装回清洗盘并确认安装到位,错误52：请检查清洗盘 | 并确保污水箱上盖已扣好怎么办？,错误52：请检查清洗盘，并确保污水箱上盖已扣好怎么办？,"[""错误52：请检查清洗盘"", ""并确保污水箱上盖已扣好怎么办？"", ""错误52"", ""错误五十二"", ""请检查清洗盘"", ""请装回清洗盘并确认安装到位""]"
knowledge_base_v1_t1,ICWIKI202404232253,MEDIUM,,错误 48-进水异常，请打开水龙头并确认供水异常,为什么会报“错误48：进水异常 | 请打开水龙头并确认供水正常”？,为什么会报“错误48：进水异常，请打开水龙头并确认供水正常”？,"[""错误48"", ""错误四十八"", ""进水异常"", ""请打开水龙头并确认供水异常"", ""为什么会报“错误48：进水异常"", ""请打开水龙头并确认供水正常”？""]"
knowledge_base_v1_t1,ICWIKI202404232513,MEDIUM,,错误31-请擦拭前后感知传感器,错误三十一 | 请擦拭前后感知传感器,错误三十一，请擦拭前后感知传感器,"[""错误 31"", ""错误三十一"", ""请擦拭前后感知传感器""]"
knowledge_base_v1_t1,ICWIKI202406142864,MEDIUM,,错误56-请检查沿边拖地模组是否卡入异物,错误五十六 | 请检查沿边拖地模组是否卡入异物,错误五十六，请检查沿边拖地模组是否卡入异物,"[""错误56"", ""错误五十六"", ""请检查沿边拖地模组是否卡入异物""]"
knowledge_base_v1_t1,ICWIKI202501130128,MEDIUM,,错误13-充电接触不良，请清理充电接触区域,错误13:充电接触不良 | 请清理充电接触区域,错误13:充电接触不良，请清理充电接触区域,"[""总说充电接触区域清理"", ""错误13:充电接触不良"", ""请清理充电接触区域"", ""反馈充电接触不良 无法返回基站"", ""错误13"", ""错误十三"", ""充电接触不良"", ""请清理充电区域""]"
knowledge_base_v1_t1,ICWIKI202501130128,MEDIUM,,错误13-充电接触不良，请清理充电接触区域,充电接触不良 | 请清理充电区域,充电接触不良，请清理充电区域,"[""总说充电接触区域清理"", ""错误13:充电接触不良"", ""请清理充电接触区域"", ""反馈充电接触不良 无法返回基站"", ""错误13"", ""错误十三"", ""充电接触不良"", ""请清理充电区域""]"
knowledge_base_v1_t1,ICWIKI202501130218,MEDIUM,,语控功能怎么使用？,怎么召唤小石 | 可以语音唤醒石头吗,怎么召唤小石，可以语音唤醒石头吗,"[""怎么唤醒语音助手"", ""机器人怎么唤起"", ""唤醒机器人口令"", ""如何使用语音操控"", ""怎么语音控制它"", ""怎么操作才能语音控制"", ""如何使用语音控制机器"", ""怎么语音沟通"", ""语音怎么使用"", ""怎么语音互动"", ""语音唤醒关键词"", ""我怎么语音唤醒"", ""怎么唤醒石头"", ""怎么召唤小石"", ""可以语音唤醒石头吗"", ""石头的唤醒语是什么"", ""怎么语言唤醒石头"", ""如何唤醒机器人"", ""怎么进行语音控制"", ""机器人语音控制怎么开启"", ""唤醒词是什么"", ""怎么样喊你"", ""怎么语音对话"", ""如何语音沟通"", ""怎么语音聊天"", ""可以语音吗？"", ""能语音对话吗"", ""怎么和石头说话"", ""怎么跟石头说话""]"
knowledge_base_v1_t1,ICWIKI202501130218,MEDIUM,,语控功能怎么使用？,怎么语音聊天 | 可以语音吗？,怎么语音聊天，可以语音吗？,"[""怎么唤醒语音助手"", ""机器人怎么唤起"", ""唤醒机器人口令"", ""如何使用语音操控"", ""怎么语音控制它"", ""怎么操作才能语音控制"", ""如何使用语音控制机器"", ""怎么语音沟通"", ""语音怎么使用"", ""怎么语音互动"", ""语音唤醒关键词"", ""我怎么语音唤醒"", ""怎么唤醒石头"", ""怎么召唤小石"", ""可以语音唤醒石头吗"", ""石头的唤醒语是什么"", ""怎么语言唤醒石头"", ""如何唤醒机器人"", ""怎么进行语音控制"", ""机器人语音控制怎么开启"", ""唤醒词是什么"", ""怎么样喊你"", ""怎么语音对话"", ""如何语音沟通"", ""怎么语音聊天"", ""可以语音吗？"", ""能语音对话吗"", ""怎么和石头说话"", ""怎么跟石头说话""]"
knowledge_base_v1_t1,ICWIKI202502160014,MEDIUM,,扫地机如何关机,怎么在线关机 | 可以远程关机吗？,怎么在线关机，可以远程关机吗？,"[""如何关机"", ""怎么手机上操作让机器人关机"", ""如何在手机上关机"", ""如何远程关机"", ""怎么在线关机"", ""可以远程关机吗？"", ""不用的时候怎么关机""]"
knowledge_base_v1_t1,ICWIKI202502160015,MEDIUM,,唤醒词如何修改？,石头这个称呼 | 可以换成别的名字吗？,石头这个称呼，可以换成别的名字吗？,"[""石头这个称呼"", ""可以换成别的名字吗？"", ""语音控制名如何修改？"", ""怎么更改唤醒语音的名字"", ""怎么改你好石头"", ""语音唤醒的名字能改吗""]"
knowledge_base_v1_t1,ICWIKI202502280029,MEDIUM,,机身高度是多少,可以通过多高的距离 | 可以通过最低多高的位置,可以通过多高的距离，可以通过最低多高的位置,"[""可以通过多高的距离"", ""可以通过最低多高的位置""]"
knowledge_base_v1_t1,ICWIKI202503040027,MEDIUM,Y,扫地机基座的日常清理视频,基站如何清洁 | 可以来指导下怎么清洗基座吗,基站如何清洁，可以来指导下怎么清洗基座吗,"[""更换集尘袋的视频"", ""清理清水箱的视频"", ""清理污水箱的视频"", ""清理清洗盘的视频"", ""如何更换集尘袋的视频"", ""如何更换集尘袋"", ""在哪儿更换集尘袋"", ""发一下更换尘袋的视频"", ""更换集尘袋教程"", ""更换那种集尘袋？"", ""请给我图示如何更换集尘袋"", ""如何清理清洗盘"", ""清理清洗盘的视频"", ""基站如何清理"", ""基站如何清洁"", ""可以来指导下怎么清洗基座吗""]"
knowledge_base_v1_t1,ICWIKI202503130057,MEDIUM,,错误55-请检查清洗盘是否堵塞,错误55 | 请检查清洗盘是否堵塞,错误55，请检查清洗盘是否堵塞,"[""错误55"", ""请检查清洗盘是否堵塞""]"
knowledge_base_v1_t1,ICWIKI202503180001,MEDIUM,,以旧换新活动规则,以旧换新申请后新机在哪个平台购买 | 可以在天猫/京东/苏宁/有品等其它渠道以旧换新吗,以旧换新申请后新机在哪个平台购买，可以在天猫/京东/苏宁/有品等其它渠道以旧换新吗,"[""可以换购么？"", ""有换购活动么？"", ""如何参与产品回收活动"", ""以旧换新"", ""参加以旧换新"", ""以旧换新申请后新机在哪个平台购买"", ""可以在天猫/京东/苏宁/有品等其它渠道以旧换新吗"", ""补差价换新机活动"", ""以旧换新减多少""]"
knowledge_base_v1_t1,ICWIKI202504210102,MEDIUM,,机身高度是多少,可以通过多高的距离 | 可以通过最低多高的位置,可以通过多高的距离，可以通过最低多高的位置,"[""可以通过多高的距离"", ""可以通过最低多高的位置""]"
knowledge_base_v1_t1,ICWIKI202505190018,MEDIUM,,错误6—请拆卸并清理边刷,错误6-边刷可能缠绕异物 | 请拆卸并清理,错误6-边刷可能缠绕异物，请拆卸并清理,"[""错误6-边刷可能缠绕异物"", ""请拆卸并清理"", ""错误6"", ""错误6怎么办"", ""什么是错误6"", ""错误六""]"
knowledge_base_v1_t1,ICWIKI202505190019,MEDIUM,,错误1-请拨动激光测距传感器，确认无遮挡或被卡住,清拨动激光测距传感器 | 确认无遮挡或被卡住,清拨动激光测距传感器，确认无遮挡或被卡住,"[""故障1怎么办"", ""清拨动激光测距传感器"", ""确认无遮挡或被卡住"", ""什么是错误1"", ""错误1是什么问题"", ""机器人报错误1怎么办？"", ""错误1"", ""激光头异常""]"
knowledge_base_v1_t1,ICWIKI202506090006,MEDIUM,,延保添加失败,显示“产品未配置 | 请联系客服处理”怎么办,显示“产品未配置，请联系客服处理”怎么办,"[""电子保卡一直无法激活"", ""保修卡申请失败"", ""显示“产品未配置"", ""请联系客服处理”怎么办""]"
knowledge_base_v1_t1,ICWIKI202507210056,MEDIUM,,如何联系人工客服,如何缴纳检修费用 | 可以修改取件时间吗？,如何缴纳检修费用，可以修改取件时间吗？,"[""投诉"", ""设备出现损坏怎么办"", ""有售后维修点嘛？"", ""石头扫地机的维修点有哪些？"", ""如何联系售后"", ""如何缴纳检修费用"", ""可以修改取件时间吗？"", ""如何更换发票"", ""维修地点在哪里"", ""越障门槛条增高版在哪里买？"", ""如何预约拆机"", ""如何报修"", ""上门维修"", ""晒单权益有什么"", ""清水箱坏了"", ""老客户没有优惠吗"", ""污水管接口断了"", ""如何买T6的配件"", ""滤网没有收到"", ""更换电池多少钱"", ""购机是否有赠品？"", ""扫地机上门收费标准"", ""设备需要维修怎么办？"", ""维修地点有么？"", ""已经申请退款"", ""请处理一下退款申请"", ""为什么我没有时来运转的礼盒呢"", ""少发货怎么办"", ""如何撤回维修单"", ""如何快递预约"", ""返厂维修"", ""如何申请报修单"", ""底座充电片坏了"", ""如何进行售后维修？"", ""驱动轮坏了"", ""增高爬坡垫有吗"", ""如何购买电池"", ""扫地机进水需维修怎么办"", ""越障门槛条怎么加购延长件？"", ""延长件在哪里买"", ""新用户专享礼是什么"", ""主轮损坏如何维修"", ""购买的配件和原装对不上"", ""如何联系维修"", ""赠品没发全"", ""预约维修"", ""如何取消预约"", ""要加高套件怎么下单？"", ""拖布支架在哪里买"", ""要买拖布支架"", ""怎么领取石来运转礼品"", ""我的扫地机器人坏了"", ""怎么修"", ""洗地机的过滤海绵在哪里买？"", ""过滤海绵有没有卖的"", ""主轮轮胎皮磨损没了"", ""安装预约时间约满怎么办"", ""朋友圈晒单礼是什么？"", ""咨询拆装服务"", ""内购有哪些优惠"", ""我要重新下单"", ""请帮我尽快退款"", ""拖布上的胶带不粘了在哪里买？"", ""旋转拖布的粘胶怎么买"", ""万向轮怎么购买"", ""购机礼包有什么"", ""有在线服务么？"", ""进水短路怎么办"", ""退货帮我通过一下"", ""如何购买水箱"", ""我想要一块爬坡版"", ""维修支付链接在哪里？"", ""预约安装失败怎么办"", ""洗地机清洁毛刷如何购买"", ""预约安装为什么被取消"", ""为什么取消安装没有通知"", ""售后订单如何支付"", ""发一下水箱购买链接"", ""购买拖布支架"", ""预约寄件后快递员未上门取件应如何处理？"", ""反馈的问题目前进展如何？"", ""预约安装电话填写错误"", ""购买底部托盘配件"", ""购买清洗盘"", ""购买清洗槽"", ""高速自清洁刷购买"", ""朋友圈晒单"", ""如何购买一次性拖布支架"", ""购买的清洁液漏液"", ""人工"", ""转人工"", ""买水箱"", ""维修故障原因查询"", ""申请取消延保审核"", ""返修的订单一直没有取件怎么办"", ""维修寄回哪些部分""]"
knowledge_base_v1_t1,ICWIKI202507210056,MEDIUM,,如何联系人工客服,已经申请退款 | 请处理一下退款申请,已经申请退款，请处理一下退款申请,"[""投诉"", ""设备出现损坏怎么办"", ""有售后维修点嘛？"", ""石头扫地机的维修点有哪些？"", ""如何联系售后"", ""如何缴纳检修费用"", ""可以修改取件时间吗？"", ""如何更换发票"", ""维修地点在哪里"", ""越障门槛条增高版在哪里买？"", ""如何预约拆机"", ""如何报修"", ""上门维修"", ""晒单权益有什么"", ""清水箱坏了"", ""老客户没有优惠吗"", ""污水管接口断了"", ""如何买T6的配件"", ""滤网没有收到"", ""更换电池多少钱"", ""购机是否有赠品？"", ""扫地机上门收费标准"", ""设备需要维修怎么办？"", ""维修地点有么？"", ""已经申请退款"", ""请处理一下退款申请"", ""为什么我没有时来运转的礼盒呢"", ""少发货怎么办"", ""如何撤回维修单"", ""如何快递预约"", ""返厂维修"", ""如何申请报修单"", ""底座充电片坏了"", ""如何进行售后维修？"", ""驱动轮坏了"", ""增高爬坡垫有吗"", ""如何购买电池"", ""扫地机进水需维修怎么办"", ""越障门槛条怎么加购延长件？"", ""延长件在哪里买"", ""新用户专享礼是什么"", ""主轮损坏如何维修"", ""购买的配件和原装对不上"", ""如何联系维修"", ""赠品没发全"", ""预约维修"", ""如何取消预约"", ""要加高套件怎么下单？"", ""拖布支架在哪里买"", ""要买拖布支架"", ""怎么领取石来运转礼品"", ""我的扫地机器人坏了"", ""怎么修"", ""洗地机的过滤海绵在哪里买？"", ""过滤海绵有没有卖的"", ""主轮轮胎皮磨损没了"", ""安装预约时间约满怎么办"", ""朋友圈晒单礼是什么？"", ""咨询拆装服务"", ""内购有哪些优惠"", ""我要重新下单"", ""请帮我尽快退款"", ""拖布上的胶带不粘了在哪里买？"", ""旋转拖布的粘胶怎么买"", ""万向轮怎么购买"", ""购机礼包有什么"", ""有在线服务么？"", ""进水短路怎么办"", ""退货帮我通过一下"", ""如何购买水箱"", ""我想要一块爬坡版"", ""维修支付链接在哪里？"", ""预约安装失败怎么办"", ""洗地机清洁毛刷如何购买"", ""预约安装为什么被取消"", ""为什么取消安装没有通知"", ""售后订单如何支付"", ""发一下水箱购买链接"", ""购买拖布支架"", ""预约寄件后快递员未上门取件应如何处理？"", ""反馈的问题目前进展如何？"", ""预约安装电话填写错误"", ""购买底部托盘配件"", ""购买清洗盘"", ""购买清洗槽"", ""高速自清洁刷购买"", ""朋友圈晒单"", ""如何购买一次性拖布支架"", ""购买的清洁液漏液"", ""人工"", ""转人工"", ""买水箱"", ""维修故障原因查询"", ""申请取消延保审核"", ""返修的订单一直没有取件怎么办"", ""维修寄回哪些部分""]"
knowledge_base_v1_t1,ICWIKI202507210056,MEDIUM,,如何联系人工客服,我要重新下单 | 请帮我尽快退款,我要重新下单，请帮我尽快退款,"[""投诉"", ""设备出现损坏怎么办"", ""有售后维修点嘛？"", ""石头扫地机的维修点有哪些？"", ""如何联系售后"", ""如何缴纳检修费用"", ""可以修改取件时间吗？"", ""如何更换发票"", ""维修地点在哪里"", ""越障门槛条增高版在哪里买？"", ""如何预约拆机"", ""如何报修"", ""上门维修"", ""晒单权益有什么"", ""清水箱坏了"", ""老客户没有优惠吗"", ""污水管接口断了"", ""如何买T6的配件"", ""滤网没有收到"", ""更换电池多少钱"", ""购机是否有赠品？"", ""扫地机上门收费标准"", ""设备需要维修怎么办？"", ""维修地点有么？"", ""已经申请退款"", ""请处理一下退款申请"", ""为什么我没有时来运转的礼盒呢"", ""少发货怎么办"", ""如何撤回维修单"", ""如何快递预约"", ""返厂维修"", ""如何申请报修单"", ""底座充电片坏了"", ""如何进行售后维修？"", ""驱动轮坏了"", ""增高爬坡垫有吗"", ""如何购买电池"", ""扫地机进水需维修怎么办"", ""越障门槛条怎么加购延长件？"", ""延长件在哪里买"", ""新用户专享礼是什么"", ""主轮损坏如何维修"", ""购买的配件和原装对不上"", ""如何联系维修"", ""赠品没发全"", ""预约维修"", ""如何取消预约"", ""要加高套件怎么下单？"", ""拖布支架在哪里买"", ""要买拖布支架"", ""怎么领取石来运转礼品"", ""我的扫地机器人坏了"", ""怎么修"", ""洗地机的过滤海绵在哪里买？"", ""过滤海绵有没有卖的"", ""主轮轮胎皮磨损没了"", ""安装预约时间约满怎么办"", ""朋友圈晒单礼是什么？"", ""咨询拆装服务"", ""内购有哪些优惠"", ""我要重新下单"", ""请帮我尽快退款"", ""拖布上的胶带不粘了在哪里买？"", ""旋转拖布的粘胶怎么买"", ""万向轮怎么购买"", ""购机礼包有什么"", ""有在线服务么？"", ""进水短路怎么办"", ""退货帮我通过一下"", ""如何购买水箱"", ""我想要一块爬坡版"", ""维修支付链接在哪里？"", ""预约安装失败怎么办"", ""洗地机清洁毛刷如何购买"", ""预约安装为什么被取消"", ""为什么取消安装没有通知"", ""售后订单如何支付"", ""发一下水箱购买链接"", ""购买拖布支架"", ""预约寄件后快递员未上门取件应如何处理？"", ""反馈的问题目前进展如何？"", ""预约安装电话填写错误"", ""购买底部托盘配件"", ""购买清洗盘"", ""购买清洗槽"", ""高速自清洁刷购买"", ""朋友圈晒单"", ""如何购买一次性拖布支架"", ""购买的清洁液漏液"", ""人工"", ""转人工"", ""买水箱"", ""维修故障原因查询"", ""申请取消延保审核"", ""返修的订单一直没有取件怎么办"", ""维修寄回哪些部分""]"
knowledge_base_v1_t1,ICWIKI202509280008,MEDIUM,,如何联系人工客服,如何缴纳检修费用 | 可以修改取件时间吗？,如何缴纳检修费用，可以修改取件时间吗？,"[""投诉"", ""设备出现损坏怎么办"", ""有售后维修点嘛？"", ""石头扫地机的维修点有哪些？"", ""如何联系售后"", ""如何缴纳检修费用"", ""可以修改取件时间吗？"", ""如何更换发票"", ""维修地点在哪里"", ""朋友圈晒单有什么要求？"", ""我买的配件不对呀"", ""购买的配件和原装对不上"", ""安装预约时间已经约满怎么办"", ""如何预约拆机"", ""开箱扫码晒单送好礼的发放的时间"", ""晒单礼怎么参与啊"", ""如何报修"", ""上门维修"", ""晒单权益有什么"", ""老客户没有优惠吗"", ""内购有哪些优惠"", ""咨询拆装服务"", ""需要返修"", ""洗衣机拆机服务"", ""屏幕脱胶怎么办"", ""洗衣机维修"", ""人工"", ""转人工""]"
knowledge_base_v1_t1,ICWIKI202509280008,MEDIUM,,如何联系人工客服,咨询拆装服务 | 需要返修,咨询拆装服务，需要返修,"[""投诉"", ""设备出现损坏怎么办"", ""有售后维修点嘛？"", ""石头扫地机的维修点有哪些？"", ""如何联系售后"", ""如何缴纳检修费用"", ""可以修改取件时间吗？"", ""如何更换发票"", ""维修地点在哪里"", ""朋友圈晒单有什么要求？"", ""我买的配件不对呀"", ""购买的配件和原装对不上"", ""安装预约时间已经约满怎么办"", ""如何预约拆机"", ""开箱扫码晒单送好礼的发放的时间"", ""晒单礼怎么参与啊"", ""如何报修"", ""上门维修"", ""晒单权益有什么"", ""老客户没有优惠吗"", ""内购有哪些优惠"", ""咨询拆装服务"", ""需要返修"", ""洗衣机拆机服务"", ""屏幕脱胶怎么办"", ""洗衣机维修"", ""人工"", ""转人工""]"
knowledge_base_v1_t1,ICWIKI202509290311,MEDIUM,,错误31-请擦拭前后感知传感器,错误三十一 | 请擦拭前后感知传感器,错误三十一，请擦拭前后感知传感器,"[""错误 31"", ""错误三十一"", ""请擦拭前后感知传感器""]"
knowledge_base_v1_t1,ICWIKI202510210024,MEDIUM,,一离开基站就离线怎么回事,为什么设备说“开始清扫” | 然后就不工作了,为什么设备说“开始清扫”，然后就不工作了,"[""主机离开基站就关机了"", ""出来后就不工作了"", ""为什么设备说“开始清扫”"", ""然后就不工作了"", ""离开了基站就离线了""]"
knowledge_base_v1_t1,ICWIKI202511030013,MEDIUM,,错误84-主机污水盒排水异常，请清理顶出机构,错误84-主机污水盒排水异常 | 请手动倒出污水,错误84-主机污水盒排水异常，请手动倒出污水,"[""错误84-主机污水盒排水异常"", ""请手动倒出污水"", ""并清理顶出机构"", ""错误84"", ""错误八十四"", ""主机污水盒排水异常"", ""请清理顶出机构""]"
knowledge_base_v1_t1,ICWIKI202511030013,MEDIUM,,错误84-主机污水盒排水异常，请清理顶出机构,请手动倒出污水 | 并清理顶出机构,请手动倒出污水，并清理顶出机构,"[""错误84-主机污水盒排水异常"", ""请手动倒出污水"", ""并清理顶出机构"", ""错误84"", ""错误八十四"", ""主机污水盒排水异常"", ""请清理顶出机构""]"
knowledge_base_v1_t1,ICWIKI202512010011,MEDIUM,,错误 62-请检查清洗槽滤网,错误六十二 | 请检查清洗槽滤网,错误六十二，请检查清洗槽滤网,"[""错误 62"", ""错误六十二"", ""请检查清洗槽滤网"", ""清洗槽滤网可能堵塞"", ""请检查并清理""]"
knowledge_base_v1_t1,ICWIKI202601070011,MEDIUM,,如何维护扫地机,如何清洁可水洗滤网 | 可水洗滤网怎么装回,如何清洁可水洗滤网，可水洗滤网怎么装回,"[""如何维护主刷"", ""中间滚刷那个整体能拆吗？"", ""如何清洁可水洗滤网"", ""可水洗滤网怎么装回"", ""尘盒怎么装回"", ""如何安装主刷罩"", ""软胶主刷如何安装"", ""主刷怎么装不上去了？"", ""边刷怎么拆卸"", ""边刷怎么更换"", ""万向轮怎么拆卸"", ""万向轮怎么装回"", ""如何清洁扫地机"", ""日常怎么清洁扫地机""]"
knowledge_base_v1_t1,ICWIKI202601140048,MEDIUM,,主机可进入高度,扫地机进入高度 | 可以通过多高的距离,扫地机进入高度，可以通过多高的距离,"[""床底高度多少能够通过"", ""扫地机进入高度"", ""可以通过多高的距离"", ""可以通过最低多高的位置"", ""最低打扫高度""]"
knowledge_base_v1_t1,ICWIKI202601140048,MEDIUM,,主机可进入高度,可以通过多高的距离 | 可以通过最低多高的位置,可以通过多高的距离，可以通过最低多高的位置,"[""床底高度多少能够通过"", ""扫地机进入高度"", ""可以通过多高的距离"", ""可以通过最低多高的位置"", ""最低打扫高度""]"
knowledge_base_v1_t1,ICWIKI202603240006,MEDIUM,,扫地机如何重启,点哪个重新启动 | 可以在手机上重启吗？,点哪个重新启动，可以在手机上重启吗？,"[""设备重启怎么弄"", ""重启在哪儿"", ""重新启动的步骤"", ""重启键怎么重新启动"", ""重启设备怎么操做？"", ""点哪个重新启动"", ""可以在手机上重启吗？"", ""APP上重启设备的选项在哪里"", ""app如何重启设备"", ""如何用手机重启"", ""如何重新开机？"", ""怎么重新开机？""]"
